Name,Type,Asset,ID,Lots,Open,Close,Entry,Exit,Profit,Roll,ExitType
MeanVariance,Long,AGG,14501,6,2010-08-02 00:00,2010-09-01 00:00,91.45,92.54,6.44,0.00,Reverse
MeanVariance,Long,DIA,14502,51,2010-08-02 00:00,2010-09-01 00:00,92.46,89.38,-158.09,0.00,Sold
MeanVariance,Long,EWJ,14503,140,2010-08-02 00:00,2010-09-01 00:00,8.9697,8.7777,-29.68,0.00,Reverse
MeanVariance,Long,LQD,14504,13,2010-08-02 00:00,2010-09-01 00:00,87.75,89.76,25.80,0.00,Reverse
MeanVariance,Long,TLT,14505,76,2010-08-02 00:00,2010-09-01 00:00,82.74,89.06,478.74,0.00,Reverse
MeanVariance,Long,XLP,14506,31,2010-08-02 00:00,2010-09-01 00:00,23.19,22.89,-9.83,0.00,Reverse
MeanVariance,Long,AGG,14501,1,2010-08-02 00:00,2010-10-01 00:00,91.45,92.64,1.17,0.00,Reverse
MeanVariance,Long,EWJ,14503,84,2010-08-02 00:00,2010-10-01 00:00,8.9697,9.0230,2.80,0.00,Reverse
MeanVariance,Long,LQD,14504,4,2010-08-02 00:00,2010-10-01 00:00,87.75,90.41,10.56,0.00,Reverse
MeanVariance,Long,TLT,14505,11,2010-08-02 00:00,2010-10-01 00:00,82.74,88.23,60.13,0.00,Reverse
MeanVariance,Long,XLU,14507,59,2010-08-02 00:00,2010-10-01 00:00,24.64,25.33,39.22,0.00,Reverse
MeanVariance,Long,AGG,14501,1,2010-08-02 00:00,2010-11-01 00:00,91.45,92.85,1.38,0.00,Reverse
MeanVariance,Long,EWJ,14503,385,2010-08-02 00:00,2010-11-01 00:00,8.9697,9.0333,16.82,0.00,Reverse
MeanVariance,Long,LQD,14504,1,2010-08-02 00:00,2010-11-01 00:00,87.75,90.58,2.81,0.00,Reverse
MeanVariance,Long,XLP,14506,115,2010-08-02 00:00,2010-11-01 00:00,23.19,24.51,149.64,0.00,Reverse
MeanVariance,Long,EWJ,14503,32,2010-08-02 00:00,2010-12-01 00:00,8.9697,9.5440,17.74,0.00,Sold
MeanVariance,Long,TLT,14505,39,2010-08-02 00:00,2010-12-01 00:00,82.74,81.41,-52.74,0.00,Reverse
MeanVariance,Long,XLU,14507,8,2010-08-02 00:00,2010-12-01 00:00,24.64,24.98,2.55,0.00,Reverse
MeanVariance,Long,XLV,14508,41,2010-08-02 00:00,2010-12-01 00:00,26.22,27.92,68.86,0.00,Reverse
MeanVariance,Long,TLT,14505,256,2010-08-02 00:00,2011-01-03 00:00,82.74,79.57,-815.87,0.00,Reverse
MeanVariance,Long,XLV,14508,187,2010-08-02 00:00,2011-01-03 00:00,26.22,28.92,500.89,0.00,Reverse
MeanVariance,Long,TLT,14505,20,2010-08-02 00:00,2011-02-01 00:00,82.74,77.32,-108.76,0.00,Reverse
MeanVariance,Long,XLP,14506,27,2010-08-02 00:00,2011-02-01 00:00,23.19,25.10,51.13,0.00,Reverse
MeanVariance,Long,XLV,14508,28,2010-08-02 00:00,2011-02-01 00:00,26.22,29.34,86.72,0.00,Sold
MeanVariance,Long,XLV,16710,198,2010-09-01 00:00,2011-02-01 00:00,25.89,29.34,677.55,0.00,Reverse
MeanVariance,Long,AGG,14501,3,2010-08-02 00:00,2011-03-01 00:00,91.45,91.60,0.41,0.00,Reverse
MeanVariance,Long,DIA,25220,18,2011-01-03 00:00,2011-03-01 00:00,102.26,106.12,69.05,0.00,Reverse
MeanVariance,Long,LQD,14504,7,2010-08-02 00:00,2011-03-01 00:00,87.75,89.47,11.86,0.00,Reverse
MeanVariance,Long,TLT,14505,31,2010-08-02 00:00,2011-03-01 00:00,82.74,79.21,-109.89,0.00,Reverse
MeanVariance,Long,DIA,25220,42,2011-01-03 00:00,2011-04-01 00:00,102.26,109.06,284.46,0.00,Reverse
MeanVariance,Long,XLP,14506,112,2010-08-02 00:00,2011-04-01 00:00,23.19,26.10,323.52,0.00,Reverse
MeanVariance,Long,XLU,14507,133,2010-08-02 00:00,2011-04-01 00:00,24.64,26.35,224.45,0.00,Sold
MeanVariance,Long,XLU,16709,19,2010-09-01 00:00,2011-04-01 00:00,25.03,26.35,24.82,0.00,Reverse
MeanVariance,Long,XLV,16710,143,2010-09-01 00:00,2011-04-01 00:00,25.89,30.41,643.29,0.00,Sold
MeanVariance,Long,XLV,18812,7,2010-10-01 00:00,2011-04-01 00:00,27.60,30.41,19.55,0.00,Sold
MeanVariance,Long,XLV,20915,80,2010-11-01 00:00,2011-04-01 00:00,28.22,30.41,173.93,0.00,Sold
MeanVariance,Long,XLV,29129,51,2011-03-01 00:00,2011-04-01 00:00,29.49,30.41,45.96,0.00,Sold
MeanVariance,Long,AGG,14501,373,2010-08-02 00:00,2011-05-02 00:00,91.45,92.96,555.30,0.00,Reverse
MeanVariance,Long,LQD,14504,13,2010-08-02 00:00,2011-05-02 00:00,87.75,91.43,47.49,0.00,Reverse
MeanVariance,Long,SMH,31431,263,2011-04-01 00:00,2011-05-02 00:00,29.68,31.59,498.37,0.00,Sold
MeanVariance,Long,XLP,14506,27,2010-08-02 00:00,2011-05-02 00:00,23.19,27.39,112.90,0.00,Reverse
MeanVariance,Long,DIA,25220,24,2011-01-03 00:00,2011-06-01 00:00,102.26,108.84,157.26,0.00,Sold
MeanVariance,Long,DIA,27224,63,2011-02-01 00:00,2011-06-01 00:00,105.63,108.84,200.89,0.00,Sold
MeanVariance,Long,DIA,33433,126,2011-05-02 00:00,2011-06-01 00:00,113.04,108.84,-531.63,0.00,Sold
MeanVariance,Long,LQD,14504,8,2010-08-02 00:00,2011-06-01 00:00,87.75,92.83,40.45,0.00,Reverse
MeanVariance,Long,TLT,14505,7,2010-08-02 00:00,2011-06-01 00:00,82.74,84.75,13.96,0.00,Reverse
MeanVariance,Long,XLP,14506,285,2010-08-02 00:00,2011-06-01 00:00,23.19,27.75,1295.26,0.00,Reverse
MeanVariance,Long,XLU,16709,30,2010-09-01 00:00,2011-06-01 00:00,25.03,27.50,73.61,0.00,Sold
MeanVariance,Long,XLU,20914,121,2010-11-01 00:00,2011-06-01 00:00,25.23,27.50,272.47,0.00,Sold
MeanVariance,Long,XLU,25222,38,2011-01-03 00:00,2011-06-01 00:00,25.59,27.50,71.69,0.00,Sold
MeanVariance,Long,XLU,27226,99,2011-02-01 00:00,2011-06-01 00:00,26.04,27.50,142.60,0.00,Sold
MeanVariance,Long,XLU,29128,49,2011-03-01 00:00,2011-06-01 00:00,25.84,27.50,80.54,0.00,Sold
MeanVariance,Long,XLU,33435,194,2011-05-02 00:00,2011-06-01 00:00,27.22,27.50,49.37,0.00,Sold
MeanVariance,Long,XRT,33437,20,2011-05-02 00:00,2011-06-01 00:00,25.05,24.86,-4.02,0.00,Reverse
MeanVariance,Long,XHB,35539,118,2011-06-01 00:00,2011-07-01 00:00,17.7903,17.8585,5.68,0.00,Sold
MeanVariance,Long,XLP,14506,606,2010-08-02 00:00,2011-07-01 00:00,23.19,27.51,2603.25,0.00,Sold
MeanVariance,Long,XLP,18811,47,2010-10-01 00:00,2011-07-01 00:00,23.90,27.51,168.36,0.00,Sold
MeanVariance,Long,XLP,23018,77,2010-12-01 00:00,2011-07-01 00:00,24.63,27.51,219.75,0.00,Reverse
MeanVariance,Long,XLV,33436,210,2011-05-02 00:00,2011-07-01 00:00,32.54,33.02,96.89,0.00,Reverse
MeanVariance,Long,XRT,33437,38,2011-05-02 00:00,2011-07-01 00:00,25.05,25.80,28.01,0.00,Sold
MeanVariance,Long,AGG,14501,10,2010-08-02 00:00,2011-08-01 00:00,91.45,95.45,39.84,0.00,Reverse
MeanVariance,Long,DIA,37742,64,2011-07-01 00:00,2011-08-01 00:00,111.60,107.70,-250.66,0.00,Sold
MeanVariance,Long,LQD,14504,14,2010-08-02 00:00,2011-08-01 00:00,87.75,94.14,89.17,0.00,Reverse
MeanVariance,Long,SMH,37744,33,2011-07-01 00:00,2011-08-01 00:00,30.31,27.97,-77.97,0.00,Reverse
MeanVariance,Long,XLP,23018,28,2010-12-01 00:00,2011-08-01 00:00,24.63,26.85,61.49,0.00,Reverse
MeanVariance,Long,XLV,33436,254,2011-05-02 00:00,2011-08-01 00:00,32.54,30.80,-448.25,0.00,Sold
MeanVariance,Long,XLV,35540,21,2011-06-01 00:00,2011-08-01 00:00,32.55,30.80,-37.26,0.00,Reverse
MeanVariance,Long,AGG,14501,8,2010-08-02 00:00,2011-09-01 00:00,91.45,96.98,44.11,0.00,Reverse
MeanVariance,Long,LQD,14504,1,2010-08-02 00:00,2011-09-01 00:00,87.75,94.25,6.48,0.00,Reverse
MeanVariance,Long,TLT,14505,4,2010-08-02 00:00,2011-09-01 00:00,82.74,95.54,51.11,0.00,Reverse
MeanVariance,Long,XLB,39748,170,2011-08-01 00:00,2011-09-01 00:00,34.00,31.28,-465.93,0.00,Sold
MeanVariance,Long,XLV,35540,271,2011-06-01 00:00,2011-09-01 00:00,32.55,30.47,-570.46,0.00,Sold
MeanVariance,Long,AGG,14501,4,2010-08-02 00:00,2011-10-03 00:00,91.45,97.81,25.37,0.00,Reverse
MeanVariance,Long,LQD,14504,3,2010-08-02 00:00,2011-10-03 00:00,87.75,94.68,20.73,0.00,Reverse
MeanVariance,Long,TLT,14505,74,2010-08-02 00:00,2011-10-03 00:00,82.74,108.81,1928.09,0.00,Reverse
MeanVariance,Long,AGG,14501,1,2010-08-02 00:00,2011-11-01 00:00,91.45,98.00,6.54,0.00,Reverse
MeanVariance,Long,LQD,14504,14,2010-08-02 00:00,2011-11-01 00:00,87.75,97.37,134.36,0.00,Reverse
MeanVariance,Long,SMH,37744,14,2011-07-01 00:00,2011-11-01 00:00,30.31,28.60,-24.28,0.00,Reverse
MeanVariance,Long,XLP,23018,57,2010-12-01 00:00,2011-11-01 00:00,24.63,26.85,125.25,0.00,Reverse
MeanVariance,Long,XLU,37746,90,2011-07-01 00:00,2011-11-01 00:00,28.09,28.57,41.48,0.00,Reverse
MeanVariance,Long,EWJ,46256,337,2011-11-01 00:00,2011-12-01 00:00,8.5917,8.6009,-3.64,0.00,Reverse
MeanVariance,Long,SMH,37744,10,2011-07-01 00:00,2011-12-01 00:00,30.31,28.70,-16.29,0.00,Sold
MeanVariance,Long,SMH,42050,112,2011-09-01 00:00,2011-12-01 00:00,25.20,28.70,390.02,0.00,Sold
MeanVariance,Long,SMH,44153,13,2011-10-03 00:00,2011-12-01 00:00,24.26,28.70,57.44,0.00,Sold
MeanVariance,Long,XLP,23018,104,2010-12-01 00:00,2011-12-01 00:00,24.63,28.04,351.98,0.00,Sold
MeanVariance,Long,XLP,25221,16,2011-01-03 00:00,2011-12-01 00:00,25.34,28.04,42.85,0.00,Reverse
MeanVariance,Long,AGG,14501,6,2010-08-02 00:00,2012-01-03 00:00,91.45,98.33,41.20,0.00,Reverse
MeanVariance,Long,LQD,14504,16,2010-08-02 00:00,2012-01-03 00:00,87.75,97.02,147.96,0.00,Reverse
MeanVariance,Long,TLT,14505,28,2010-08-02 00:00,2012-01-03 00:00,82.74,105.82,645.83,0.00,Reverse
MeanVariance,Long,XLU,37746,381,2011-07-01 00:00,2012-01-03 00:00,28.09,29.92,689.71,0.00,Sold
MeanVariance,Long,XLU,39749,114,2011-08-01 00:00,2012-01-03 00:00,27.58,29.92,264.27,0.00,Reverse
MeanVariance,Long,XLV,48362,1,2011-12-01 00:00,2012-01-03 00:00,31.33,32.62,1.27,0.00,Sold
MeanVariance,Long,AGG,14501,4,2010-08-02 00:00,2012-02-01 00:00,91.45,99.07,30.42,0.00,Reverse
MeanVariance,Long,EWJ,46256,2,2011-11-01 00:00,2012-02-01 00:00,8.5917,8.9945,0.77,0.00,Sold
MeanVariance,Long,EWJ,50463,91,2012-01-03 00:00,2012-02-01 00:00,8.7046,8.9945,24.57,0.00,Reverse
MeanVariance,Long,LQD,14504,13,2010-08-02 00:00,2012-02-01 00:00,87.75,99.58,153.45,0.00,Reverse
MeanVariance,Long,XLU,39749,262,2011-08-01 00:00,2012-02-01 00:00,27.58,29.46,487.89,0.00,Sold
MeanVariance,Long,LQD,14504,5,2010-08-02 00:00,2012-03-01 00:00,87.75,100.56,63.96,0.00,Reverse
MeanVariance,Long,SMH,52465,113,2012-02-01 00:00,2012-03-01 00:00,31.76,32.15,41.61,0.00,Sold
MeanVariance,Long,TLT,14505,20,2010-08-02 00:00,2012-03-01 00:00,82.74,103.33,411.45,0.00,Reverse
MeanVariance,Long,XLP,25221,127,2011-01-03 00:00,2012-03-01 00:00,25.34,29.47,522.50,0.00,Reverse
MeanVariance,Long,EWJ,50463,120,2012-01-03 00:00,2012-04-02 00:00,8.7046,9.5370,97.49,0.00,Sold
MeanVariance,Long,EWJ,54468,131,2012-03-01 00:00,2012-04-02 00:00,9.4161,9.5370,13.22,0.00,Reverse
MeanVariance,Long,TLT,14505,37,2010-08-02 00:00,2012-04-02 00:00,82.74,100.44,654.01,0.00,Sold
MeanVariance,Long,TLT,20913,22,2010-11-01 00:00,2012-04-02 00:00,84.34,100.44,353.64,0.00,Sold
MeanVariance,Long,TLT,31432,71,2011-04-01 00:00,2012-04-02 00:00,79.41,100.44,1491.40,0.00,Reverse
MeanVariance,Long,XLK,54469,42,2012-03-01 00:00,2012-04-02 00:00,26.82,28.16,55.15,0.00,Reverse
MeanVariance,Long,XLU,42052,15,2011-09-01 00:00,2012-04-02 00:00,27.91,30.09,32.40,0.00,Reverse
MeanVariance,Long,AGG,14501,4,2010-08-02 00:00,2012-05-01 00:00,91.45,99.52,32.22,0.00,Reverse
MeanVariance,Long,EWJ,54468,447,2012-03-01 00:00,2012-05-01 00:00,9.4161,9.0221,-185.07,0.00,Sold
MeanVariance,Long,LQD,14504,3,2010-08-02 00:00,2012-05-01 00:00,87.75,100.25,37.44,0.00,Reverse
MeanVariance,Long,TLT,31432,11,2011-04-01 00:00,2012-05-01 00:00,79.41,104.18,272.25,0.00,Reverse
MeanVariance,Long,XLK,54469,12,2012-03-01 00:00,2012-05-01 00:00,26.82,27.64,9.53,0.00,Reverse
MeanVariance,Long,XLP,25221,26,2011-01-03 00:00,2012-05-01 00:00,25.34,30.60,136.34,0.00,Reverse
MeanVariance,Long,XLU,42052,119,2011-09-01 00:00,2012-05-01 00:00,27.91,30.62,320.13,0.00,Sold
MeanVariance,Long,XLU,44155,20,2011-10-03 00:00,2012-05-01 00:00,27.49,30.62,62.37,0.00,Sold
MeanVariance,Long,XLU,48361,13,2011-12-01 00:00,2012-05-01 00:00,29.40,30.62,15.59,0.00,Reverse
MeanVariance,Long,XLY,54471,22,2012-03-01 00:00,2012-05-01 00:00,40.79,43.12,50.90,0.00,Reverse
MeanVariance,Long,AGG,14501,7,2010-08-02 00:00,2012-06-01 00:00,91.45,100.88,65.92,0.00,Reverse
MeanVariance,Long,DIA,56673,8,2012-04-02 00:00,2012-06-01 00:00,119.87,110.13,-78.05,0.00,Reverse
MeanVariance,Long,LQD,14504,8,2010-08-02 00:00,2012-06-01 00:00,87.75,101.82,112.39,0.00,Reverse
MeanVariance,Long,TLT,31432,45,2011-04-01 00:00,2012-06-01 00:00,79.41,116.88,1685.31,0.00,Sold
MeanVariance,Long,TLT,33434,22,2011-05-02 00:00,2012-06-01 00:00,81.00,116.88,788.85,0.00,Reverse
MeanVariance,Long,XLK,54469,25,2012-03-01 00:00,2012-06-01 00:00,26.82,25.12,-42.98,0.00,Sold
MeanVariance,Long,XLV,56676,26,2012-04-02 00:00,2012-06-01 00:00,35.23,33.13,-54.94,0.00,Sold
MeanVariance,Long,XLV,58679,51,2012-05-01 00:00,2012-06-01 00:00,35.14,33.13,-103.42,0.00,Reverse
MeanVariance,Long,XLY,54471,8,2012-03-01 00:00,2012-06-01 00:00,40.79,39.20,-12.85,0.00,Sold
MeanVariance,Long,XLY,56677,4,2012-04-02 00:00,2012-06-01 00:00,42.48,39.20,-13.17,0.00,Reverse
MeanVariance,Long,LQD,14504,3,2010-08-02 00:00,2012-07-02 00:00,87.75,102.63,44.57,0.00,Reverse
MeanVariance,Long,XLP,25221,434,2011-01-03 00:00,2012-07-02 00:00,25.34,31.44,2640.66,0.00,Sold
MeanVariance,Long,XLP,29127,17,2011-03-01 00:00,2012-07-02 00:00,25.46,31.44,101.38,0.00,Sold
MeanVariance,Long,XLP,42051,122,2011-09-01 00:00,2012-07-02 00:00,26.91,31.44,550.51,0.00,Sold
MeanVariance,Long,XLP,44154,98,2011-10-03 00:00,2012-07-02 00:00,25.74,31.44,557.15,0.00,Sold
MeanVariance,Long,XLP,50464,275,2012-01-03 00:00,2012-07-02 00:00,28.84,31.44,709.81,0.00,Reverse
MeanVariance,Long,XLY,56677,61,2012-04-02 00:00,2012-07-02 00:00,42.48,41.39,-67.47,0.00,Sold
MeanVariance,Long,AGG,14501,5,2010-08-02 00:00,2012-08-01 00:00,91.45,101.87,51.99,0.00,Reverse
MeanVariance,Long,DIA,56673,75,2012-04-02 00:00,2012-08-01 00:00,119.87,118.21,-126.05,0.00,Reverse
MeanVariance,Long,EWJ,62983,98,2012-07-02 00:00,2012-08-01 00:00,8.8740,8.4658,-41.97,0.00,Reverse
MeanVariance,Long,LQD,14504,14,2010-08-02 00:00,2012-08-01 00:00,87.75,105.52,248.49,0.00,Reverse
MeanVariance,Long,XLP,50464,121,2012-01-03 00:00,2012-08-01 00:00,28.84,31.87,364.27,0.00,Reverse
MeanVariance,Long,DIA,56673,7,2012-04-02 00:00,2012-09-04 00:00,119.87,119.25,-4.51,0.00,Sold
MeanVariance,Long,DIA,58678,27,2012-05-01 00:00,2012-09-04 00:00,120.22,119.25,-26.79,0.00,Sold
MeanVariance,Long,DIA,62982,25,2012-07-02 00:00,2012-09-04 00:00,117.04,119.25,54.53,0.00,Reverse
MeanVariance,Long,KBE,62984,23,2012-07-02 00:00,2012-09-04 00:00,20.69,21.20,11.09,0.00,Sold
MeanVariance,Long,KBE,65088,65,2012-08-01 00:00,2012-09-04 00:00,20.17,21.20,65.45,0.00,Reverse
MeanVariance,Long,XLK,65090,24,2012-08-01 00:00,2012-09-04 00:00,27.05,28.28,28.94,0.00,Sold
MeanVariance,Long,XLU,48361,57,2011-12-01 00:00,2012-09-04 00:00,29.40,31.47,116.62,0.00,Reverse
MeanVariance,Long,AGG,14501,1,2010-08-02 00:00,2012-10-01 00:00,91.45,102.22,10.75,0.00,Reverse
MeanVariance,Long,KBE,65088,41,2012-08-01 00:00,2012-10-01 00:00,20.17,22.01,74.72,0.00,Reverse
MeanVariance,Long,LQD,14504,7,2010-08-02 00:00,2012-10-01 00:00,87.75,107.03,134.82,0.00,Reverse
MeanVariance,Long,XLP,50464,81,2012-01-03 00:00,2012-10-01 00:00,28.84,32.65,307.05,0.00,Sold
MeanVariance,Long,XLP,52467,175,2012-02-01 00:00,2012-10-01 00:00,28.66,32.65,694.25,0.00,Sold
MeanVariance,Long,XLP,56675,52,2012-04-02 00:00,2012-10-01 00:00,30.68,32.65,101.42,0.00,Sold
MeanVariance,Long,XLP,60880,313,2012-06-01 00:00,2012-10-01 00:00,29.62,32.65,942.91,0.00,Sold
MeanVariance,Long,XLP,67397,10,2012-09-04 00:00,2012-10-01 00:00,32.08,32.65,5.50,0.00,Sold
MeanVariance,Long,XLV,58679,27,2012-05-01 00:00,2012-10-01 00:00,35.14,38.05,78.09,0.00,Reverse
MeanVariance,Long,XLY,67399,10,2012-09-04 00:00,2012-10-01 00:00,42.84,44.23,13.66,0.00,Sold
MeanVariance,Long,DIA,62982,1,2012-07-02 00:00,2012-11-01 00:00,117.04,121.26,4.19,0.00,Sold
MeanVariance,Long,DIA,69200,8,2012-10-01 00:00,2012-11-01 00:00,123.67,121.26,-19.48,0.00,Sold
MeanVariance,Long,EWJ,62983,408,2012-07-02 00:00,2012-11-01 00:00,8.8740,8.6456,-101.34,0.00,Sold
MeanVariance,Long,EWJ,67393,365,2012-09-04 00:00,2012-11-01 00:00,8.4568,8.6456,61.64,0.00,Reverse
MeanVariance,Long,IYR,67394,17,2012-09-04 00:00,2012-11-01 00:00,56.43,55.25,-20.48,0.00,Reverse
MeanVariance,Long,KBE,65088,81,2012-08-01 00:00,2012-11-01 00:00,20.17,22.39,178.00,0.00,Sold
MeanVariance,Long,KRE,69203,73,2012-10-01 00:00,2012-11-01 00:00,26.84,26.56,-22.03,0.00,Sold
MeanVariance,Long,LQD,14504,3,2010-08-02 00:00,2012-11-01 00:00,87.75,107.71,59.80,0.00,Reverse
MeanVariance,Long,XLV,58679,145,2012-05-01 00:00,2012-11-01 00:00,35.14,38.05,419.31,0.00,Sold
MeanVariance,Long,XLV,62987,129,2012-07-02 00:00,2012-11-01 00:00,35.78,38.05,290.43,0.00,Sold
MeanVariance,Long,XLV,65092,56,2012-08-01 00:00,2012-11-01 00:00,36.04,38.05,111.53,0.00,Sold
MeanVariance,Long,XLV,67398,84,2012-09-04 00:00,2012-11-01 00:00,36.52,38.05,126.82,0.00,Reverse
MeanVariance,Long,XRT,69206,103,2012-10-01 00:00,2012-11-01 00:00,30.07,30.50,42.20,0.00,Sold
MeanVariance,Long,AGG,14501,2,2010-08-02 00:00,2012-12-03 00:00,91.45,102.50,22.06,0.00,Reverse
MeanVariance,Long,EWJ,67393,18,2012-09-04 00:00,2012-12-03 00:00,8.4568,8.7783,5.43,0.00,Sold
MeanVariance,Long,EWJ,69201,503,2012-10-01 00:00,2012-12-03 00:00,8.6462,8.7783,56.39,0.00,Sold
MeanVariance,Long,XLU,48361,148,2011-12-01 00:00,2012-12-03 00:00,29.40,30.59,172.59,0.00,Sold
MeanVariance,Long,XLU,54470,9,2012-03-01 00:00,2012-12-03 00:00,29.63,30.59,8.51,0.00,Sold
MeanVariance,Long,XLU,60881,115,2012-06-01 00:00,2012-12-03 00:00,30.52,30.59,5.38,0.00,Sold
MeanVariance,Long,XLU,62986,19,2012-07-02 00:00,2012-12-03 00:00,32.11,30.59,-29.25,0.00,Sold
MeanVariance,Long,XLU,65091,103,2012-08-01 00:00,2012-12-03 00:00,32.46,30.59,-194.78,0.00,Sold
MeanVariance,Long,XLU,69205,184,2012-10-01 00:00,2012-12-03 00:00,31.58,30.59,-185.35,0.00,Reverse
MeanVariance,Long,XLP,71308,170,2012-11-01 00:00,2013-01-02 00:00,32.07,32.78,116.98,0.00,Reverse
MeanVariance,Long,XLU,69205,52,2012-10-01 00:00,2013-01-02 00:00,31.58,31.34,-13.26,0.00,Sold
MeanVariance,Long,XLU,71309,599,2012-11-01 00:00,2013-01-02 00:00,31.83,31.34,-303.55,0.00,Sold
MeanVariance,Long,XLV,67398,43,2012-09-04 00:00,2013-01-02 00:00,36.52,38.55,86.37,0.00,Sold
MeanVariance,Long,XLV,73413,2,2012-12-03 00:00,2013-01-02 00:00,37.87,38.55,1.34,0.00,Reverse
MeanVariance,Long,EWJ,75415,15,2013-01-02 00:00,2013-02-01 00:00,9.5519,9.4947,-1.16,0.00,Reverse
MeanVariance,Long,IYR,67394,26,2012-09-04 00:00,2013-02-01 00:00,56.43,59.11,69.10,0.00,Sold
MeanVariance,Long,IYR,69202,32,2012-10-01 00:00,2013-02-01 00:00,55.13,59.11,126.80,0.00,Sold
MeanVariance,Long,IYR,73410,58,2012-12-03 00:00,2013-02-01 00:00,55.03,59.11,235.37,0.00,Sold
MeanVariance,Long,IYR,75416,144,2013-01-02 00:00,2013-02-01 00:00,57.38,59.11,246.75,0.00,Reverse
MeanVariance,Long,TLT,33434,14,2011-05-02 00:00,2013-02-01 00:00,81.00,105.15,337.78,0.00,Sold
MeanVariance,Long,TLT,37745,48,2011-07-01 00:00,2013-02-01 00:00,81.57,105.15,1131.01,0.00,Reverse
MeanVariance,Long,XHB,75419,88,2013-01-02 00:00,2013-02-01 00:00,26.90,28.30,121.82,0.00,Reverse
MeanVariance,Long,XLP,71308,164,2012-11-01 00:00,2013-02-01 00:00,32.07,34.03,318.37,0.00,Sold
MeanVariance,Long,XLP,73412,107,2012-12-03 00:00,2013-02-01 00:00,32.52,34.03,160.18,0.00,Sold
MeanVariance,Long,AGG,14501,4,2010-08-02 00:00,2013-03-01 00:00,91.45,102.23,43.06,0.00,Reverse
MeanVariance,Long,KBE,77521,358,2013-02-01 00:00,2013-03-01 00:00,24.42,24.55,40.86,0.00,Sold
MeanVariance,Long,LQD,14504,7,2010-08-02 00:00,2013-03-01 00:00,87.75,107.04,134.85,0.00,Reverse
MeanVariance,Long,VNQ,77523,65,2013-02-01 00:00,2013-03-01 00:00,59.67,60.24,35.60,0.00,Reverse
MeanVariance,Long,XHB,75419,183,2013-01-02 00:00,2013-03-01 00:00,26.90,27.95,189.08,0.00,Sold
MeanVariance,Long,AGG,14501,1,2010-08-02 00:00,2013-04-01 00:00,91.45,102.39,10.92,0.00,Reverse
MeanVariance,Long,IYR,75416,175,2013-01-02 00:00,2013-04-01 00:00,57.38,61.36,693.60,0.00,Sold
MeanVariance,Long,IYR,79426,91,2013-03-01 00:00,2013-04-01 00:00,59.59,61.36,159.53,0.00,Sold
MeanVariance,Long,TLT,37745,5,2011-07-01 00:00,2013-04-01 00:00,81.57,108.20,133.06,0.00,Reverse
MeanVariance,Long,XLV,73413,273,2012-12-03 00:00,2013-04-01 00:00,37.87,43.87,1632.52,0.00,Reverse
MeanVariance,Long,AGG,14501,5,2010-08-02 00:00,2013-05-01 00:00,91.45,103.34,59.35,0.00,Reverse
MeanVariance,Long,EWJ,75415,188,2013-01-02 00:00,2013-05-01 00:00,9.5519,11.0535,278.55,0.00,Sold
MeanVariance,Long,EWJ,79425,145,2013-03-01 00:00,2013-05-01 00:00,9.8586,11.0535,170.37,0.00,Sold
MeanVariance,Long,EWJ,81430,43,2013-04-01 00:00,2013-05-01 00:00,9.9258,11.0535,47.63,0.00,Reverse
MeanVariance,Long,LQD,14504,13,2010-08-02 00:00,2013-05-01 00:00,87.75,109.55,283.11,0.00,Reverse
MeanVariance,Long,VNQ,77523,51,2013-02-01 00:00,2013-05-01 00:00,59.67,65.40,291.08,0.00,Sold
MeanVariance,Long,VNQ,81433,31,2013-04-01 00:00,2013-05-01 00:00,61.96,65.40,106.07,0.00,Reverse
MeanVariance,Long,XLP,81434,81,2013-04-01 00:00,2013-05-01 00:00,36.59,37.63,83.11,0.00,Reverse
MeanVariance,Long,XLU,79428,90,2013-03-01 00:00,2013-05-01 00:00,33.07,36.47,304.64,0.00,Reverse
MeanVariance,Long,XLV,73413,75,2012-12-03 00:00,2013-05-01 00:00,37.87,44.59,502.74,0.00,Sold
MeanVariance,Long,XLV,77524,168,2013-02-01 00:00,2013-05-01 00:00,41.01,44.59,598.32,0.00,Reverse
MeanVariance,Long,EWJ,81430,32,2013-04-01 00:00,2013-06-03 00:00,9.9258,10.2324,9.17,0.00,Sold
MeanVariance,Long,KBE,81431,144,2013-04-01 00:00,2013-06-03 00:00,25.27,26.77,213.05,0.00,Sold
MeanVariance,Long,KBE,83638,69,2013-05-01 00:00,2013-06-03 00:00,24.72,26.77,139.91,0.00,Reverse
MeanVariance,Long,TLT,37745,46,2011-07-01 00:00,2013-06-03 00:00,81.57,105.38,1094.22,0.00,Reverse
MeanVariance,Long,VNQ,81433,48,2013-04-01 00:00,2013-06-03 00:00,61.96,62.33,17.01,0.00,Sold
MeanVariance,Long,XLP,81434,223,2013-04-01 00:00,2013-06-03 00:00,36.59,37.26,145.03,0.00,Sold
MeanVariance,Long,XLU,79428,85,2013-03-01 00:00,2013-06-03 00:00,33.07,33.57,41.24,0.00,Sold
MeanVariance,Long,XLU,81435,81,2013-04-01 00:00,2013-06-03 00:00,34.69,33.57,-92.69,0.00,Sold
MeanVariance,Long,XLV,77524,47,2013-02-01 00:00,2013-06-03 00:00,41.01,46.05,236.08,0.00,Reverse
MeanVariance,Long,XLY,81436,62,2013-04-01 00:00,2013-06-03 00:00,50.24,53.83,221.33,0.00,Sold
MeanVariance,Long,XLY,83640,21,2013-05-01 00:00,2013-06-03 00:00,51.88,53.83,40.47,0.00,Sold
MeanVariance,Long,DIA,83637,55,2013-05-01 00:00,2013-07-01 00:00,136.52,139.67,172.35,0.00,Sold
MeanVariance,Long,DIA,85842,84,2013-06-03 00:00,2013-07-01 00:00,142.10,139.67,-205.39,0.00,Reverse
MeanVariance,Long,XRT,85844,100,2013-06-03 00:00,2013-07-01 00:00,37.74,37.66,-9.94,0.00,Reverse
MeanVariance,Long,DIA,85842,3,2013-06-03 00:00,2013-08-01 00:00,142.10,145.92,11.40,0.00,Reverse
MeanVariance,Long,KBE,83638,23,2013-05-01 00:00,2013-08-01 00:00,24.72,30.45,131.21,0.00,Reverse
MeanVariance,Long,TLT,37745,12,2011-07-01 00:00,2013-08-01 00:00,81.57,97.20,187.35,0.00,Sold
MeanVariance,Long,TLT,39747,14,2011-08-01 00:00,2013-08-01 00:00,86.18,97.20,154.07,0.00,Sold
MeanVariance,Long,TLT,46257,2,2011-11-01 00:00,2013-08-01 00:00,105.25,97.20,-16.13,0.00,Sold
MeanVariance,Long,TLT,48360,20,2011-12-01 00:00,2013-08-01 00:00,103.36,97.20,-123.60,0.00,Reverse
MeanVariance,Long,XLP,87849,10,2013-07-01 00:00,2013-08-01 00:00,37.02,38.65,16.08,0.00,Reverse
MeanVariance,Long,XRT,85844,80,2013-06-03 00:00,2013-08-01 00:00,37.74,40.40,211.32,0.00,Sold
MeanVariance,Long,DIA,85842,10,2013-06-03 00:00,2013-09-03 00:00,142.10,138.99,-31.24,0.00,Reverse
MeanVariance,Long,KBE,83638,249,2013-05-01 00:00,2013-09-03 00:00,24.72,28.44,919.94,0.00,Sold
MeanVariance,Long,KBE,87846,242,2013-07-01 00:00,2013-09-03 00:00,27.72,28.44,169.77,0.00,Reverse
MeanVariance,Long,TLT,48360,4,2011-12-01 00:00,2013-09-03 00:00,103.36,96.40,-27.92,0.00,Sold
MeanVariance,Long,TLT,52466,3,2012-02-01 00:00,2013-09-03 00:00,105.87,96.40,-28.47,0.00,Sold
MeanVariance,Long,TLT,62985,16,2012-07-02 00:00,2013-09-03 00:00,113.42,96.40,-272.62,0.00,Reverse
MeanVariance,Long,XLP,87849,167,2013-07-01 00:00,2013-09-03 00:00,37.02,36.57,-79.52,0.00,Sold
MeanVariance,Long,AGG,14501,6,2010-08-02 00:00,2013-10-01 00:00,91.45,100.12,51.90,0.00,Reverse
MeanVariance,Long,KBE,87846,234,2013-07-01 00:00,2013-10-01 00:00,27.72,29.03,302.07,0.00,Sold
MeanVariance,Long,LQD,14504,5,2010-08-02 00:00,2013-10-01 00:00,87.75,102.86,75.44,0.00,Reverse
MeanVariance,Long,XLV,77524,99,2013-02-01 00:00,2013-10-01 00:00,41.01,49.20,808.98,0.00,Reverse
MeanVariance,Long,AGG,14501,3,2010-08-02 00:00,2013-11-01 00:00,91.45,100.78,27.94,0.00,Reverse
MeanVariance,Long,DIA,85842,114,2013-06-03 00:00,2013-11-01 00:00,142.10,146.71,523.64,0.00,Sold
MeanVariance,Long,DIA,94259,3,2013-10-01 00:00,2013-11-01 00:00,142.56,146.71,12.38,0.00,Sold
MeanVariance,Long,LQD,14504,8,2010-08-02 00:00,2013-11-01 00:00,87.75,104.54,134.16,0.00,Reverse
MeanVariance,Long,TLT,62985,39,2012-07-02 00:00,2013-11-01 00:00,113.42,98.74,-573.17,0.00,Reverse
MeanVariance,Long,XLV,77524,83,2013-02-01 00:00,2013-11-01 00:00,41.01,51.02,829.03,0.00,Reverse
MeanVariance,Long,TLT,62985,23,2012-07-02 00:00,2013-12-02 00:00,113.42,96.37,-392.56,0.00,Reverse
MeanVariance,Long,XLP,96565,139,2013-11-01 00:00,2013-12-02 00:00,39.63,39.87,30.83,0.00,Sold
MeanVariance,Long,KRE,90052,147,2013-08-01 00:00,2014-01-02 00:00,35.78,38.45,388.91,0.00,Sold
MeanVariance,Long,KRE,92255,171,2013-09-03 00:00,2014-01-02 00:00,33.43,38.45,855.28,0.00,Sold
MeanVariance,Long,KRE,94260,29,2013-10-01 00:00,2014-01-02 00:00,34.63,38.45,110.10,0.00,Reverse
MeanVariance,Long,LQD,14504,4,2010-08-02 00:00,2014-01-02 00:00,87.75,105.11,69.34,0.00,Reverse
MeanVariance,Long,TLT,62985,4,2012-07-02 00:00,2014-01-02 00:00,113.42,95.60,-71.36,0.00,Reverse
MeanVariance,Long,AGG,14501,9,2010-08-02 00:00,2014-02-03 00:00,91.45,102.10,95.68,0.00,Reverse
MeanVariance,Long,KRE,94260,45,2013-10-01 00:00,2014-02-03 00:00,34.63,35.42,34.54,0.00,Sold
MeanVariance,Long,KRE,96563,121,2013-11-01 00:00,2014-02-03 00:00,35.72,35.42,-39.39,0.00,Sold
MeanVariance,Long,KRE,98567,23,2013-12-02 00:00,2014-02-03 00:00,37.92,35.42,-57.88,0.00,Sold
MeanVariance,Long,LQD,14504,11,2010-08-02 00:00,2014-02-03 00:00,87.75,107.57,217.72,0.00,Reverse
MeanVariance,Long,XLI,100671,138,2014-01-02 00:00,2014-02-03 00:00,48.98,46.22,-383.38,0.00,Sold
MeanVariance,Long,XLK,92257,376,2013-09-03 00:00,2014-02-03 00:00,29.72,32.54,1052.39,0.00,Reverse
MeanVariance,Long,XLV,77524,21,2013-02-01 00:00,2014-02-03 00:00,41.01,52.90,249.40,0.00,Sold
MeanVariance,Long,XLV,79429,16,2013-03-01 00:00,2014-02-03 00:00,41.51,52.90,181.93,0.00,Sold
MeanVariance,Long,AGG,14501,1,2010-08-02 00:00,2014-03-03 00:00,91.45,102.40,10.93,0.00,Reverse
MeanVariance,Long,LQD,14504,3,2010-08-02 00:00,2014-03-03 00:00,87.75,108.38,61.83,0.00,Reverse
MeanVariance,Long,XLK,92257,189,2013-09-03 00:00,2014-03-03 00:00,29.72,34.32,866.90,0.00,Sold
MeanVariance,Long,XLK,94262,118,2013-10-01 00:00,2014-03-03 00:00,30.70,34.32,424.64,0.00,Sold
MeanVariance,Long,XLK,96564,63,2013-11-01 00:00,2014-03-03 00:00,31.98,34.32,146.49,0.00,Reverse
MeanVariance,Long,XLU,102775,400,2014-02-03 00:00,2014-03-03 00:00,35.56,36.71,451.41,0.00,Sold
MeanVariance,Long,XLV,87850,26,2013-07-01 00:00,2014-03-03 00:00,45.67,56.90,291.56,0.00,Sold
MeanVariance,Long,XLV,90053,34,2013-08-01 00:00,2014-03-03 00:00,49.11,56.90,264.17,0.00,Sold
MeanVariance,Long,XLV,92258,104,2013-09-03 00:00,2014-03-03 00:00,47.39,56.90,986.78,0.00,Sold
MeanVariance,Long,XLV,98570,90,2013-12-02 00:00,2014-03-03 00:00,53.10,56.90,340.59,0.00,Sold
MeanVariance,Long,XLV,100673,15,2014-01-02 00:00,2014-03-03 00:00,53.18,56.90,55.59,0.00,Sold
MeanVariance,Long,DIA,104676,180,2014-03-03 00:00,2014-04-01 00:00,153.22,156.76,632.80,0.00,Reverse
MeanVariance,Long,KBE,104677,31,2014-03-03 00:00,2014-04-01 00:00,31.38,33.19,55.67,0.00,Sold
MeanVariance,Long,KRE,104678,9,2014-03-03 00:00,2014-04-01 00:00,38.07,40.64,22.97,0.00,Sold
MeanVariance,Long,SMH,104679,75,2014-03-03 00:00,2014-04-01 00:00,41.97,44.78,209.44,0.00,Sold
MeanVariance,Long,XLK,96564,188,2013-11-01 00:00,2014-04-01 00:00,31.98,35.26,612.36,0.00,Reverse
MeanVariance,Long,AGG,14501,5,2010-08-02 00:00,2014-05-01 00:00,91.45,102.97,57.54,0.00,Reverse
MeanVariance,Long,EWJ,106783,151,2014-04-01 00:00,2014-05-01 00:00,10.9922,10.8466,-25.01,0.00,Reverse
MeanVariance,Long,IYR,106784,88,2014-04-01 00:00,2014-05-01 00:00,62.37,64.34,171.51,0.00,Sold
MeanVariance,Long,LQD,14504,9,2010-08-02 00:00,2014-05-01 00:00,87.75,109.97,199.76,0.00,Reverse
MeanVariance,Long,TLT,62985,26,2012-07-02 00:00,2014-05-01 00:00,113.42,105.87,-196.78,0.00,Reverse
MeanVariance,Long,XLK,96564,149,2013-11-01 00:00,2014-05-01 00:00,31.98,34.98,443.74,0.00,Reverse
MeanVariance,Long,XLP,104681,9,2014-03-03 00:00,2014-05-01 00:00,39.57,41.72,19.19,0.00,Reverse
MeanVariance,Long,XLU,106788,423,2014-04-01 00:00,2014-05-01 00:00,38.06,40.10,853.94,0.00,Sold
MeanVariance,Long,AGG,14501,3,2010-08-02 00:00,2014-06-02 00:00,91.45,103.72,36.75,0.00,Reverse
MeanVariance,Long,DIA,104676,7,2014-03-03 00:00,2014-06-02 00:00,153.22,159.43,43.30,0.00,Sold
MeanVariance,Long,DIA,108890,34,2014-05-01 00:00,2014-06-02 00:00,157.16,159.43,76.59,0.00,Reverse
MeanVariance,Long,KBE,108891,77,2014-05-01 00:00,2014-06-02 00:00,30.74,31.00,18.34,0.00,Reverse
MeanVariance,Long,LQD,14504,2,2010-08-02 00:00,2014-06-02 00:00,87.75,110.55,45.55,0.00,Reverse
MeanVariance,Long,TLT,62985,1,2012-07-02 00:00,2014-06-02 00:00,113.42,107.02,-6.41,0.00,Reverse
MeanVariance,Long,XLK,96564,3,2013-11-01 00:00,2014-06-02 00:00,31.98,36.19,12.59,0.00,Reverse
MeanVariance,Long,XRT,106789,64,2014-04-01 00:00,2014-06-02 00:00,41.83,40.87,-62.91,0.00,Sold
MeanVariance,Long,XRT,108892,12,2014-05-01 00:00,2014-06-02 00:00,40.88,40.87,-0.41,0.00,Reverse
MeanVariance,Long,AGG,14501,1,2010-08-02 00:00,2014-07-01 00:00,91.45,103.85,12.38,0.00,Reverse
MeanVariance,Long,EWJ,106783,64,2014-04-01 00:00,2014-07-01 00:00,10.9922,11.9236,58.33,0.00,Sold
MeanVariance,Long,EWJ,110993,60,2014-06-02 00:00,2014-07-01 00:00,11.3398,11.9236,33.83,0.00,Reverse
MeanVariance,Long,KBE,108891,72,2014-05-01 00:00,2014-07-01 00:00,30.74,32.56,129.22,0.00,Reverse
MeanVariance,Long,LQD,14504,1,2010-08-02 00:00,2014-07-01 00:00,87.75,110.74,22.97,0.00,Reverse
MeanVariance,Long,TLT,62985,21,2012-07-02 00:00,2014-07-01 00:00,113.42,106.65,-142.47,0.00,Sold
MeanVariance,Long,XLK,96564,5,2013-11-01 00:00,2014-07-01 00:00,31.98,37.31,26.54,0.00,Sold
MeanVariance,Long,XLK,98569,9,2013-12-02 00:00,2014-07-01 00:00,32.85,37.31,39.91,0.00,Sold
MeanVariance,Long,XLK,100672,149,2014-01-02 00:00,2014-07-01 00:00,33.79,37.31,521.47,0.00,Sold
MeanVariance,Long,XLP,104681,10,2014-03-03 00:00,2014-07-01 00:00,39.57,42.50,29.13,0.00,Reverse
MeanVariance,Long,XRT,108892,31,2014-05-01 00:00,2014-07-01 00:00,40.88,42.90,61.96,0.00,Sold
MeanVariance,Long,AGG,14501,1,2010-08-02 00:00,2014-08-01 00:00,91.45,104.11,12.64,0.00,Reverse
MeanVariance,Long,DIA,108890,55,2014-05-01 00:00,2014-08-01 00:00,157.16,157.40,12.27,0.00,Reverse
MeanVariance,Long,LQD,14504,3,2010-08-02 00:00,2014-08-01 00:00,87.75,111.39,70.85,0.00,Reverse
MeanVariance,Long,SMH,110994,10,2014-06-02 00:00,2014-08-01 00:00,45.09,47.33,22.23,0.00,Reverse
MeanVariance,Long,TLT,65089,2,2012-08-01 00:00,2014-08-01 00:00,115.98,109.11,-13.76,0.00,Reverse
MeanVariance,Long,XLP,104681,17,2014-03-03 00:00,2014-08-01 00:00,39.57,41.31,29.33,0.00,Sold
MeanVariance,Long,XLP,106787,62,2014-04-01 00:00,2014-08-01 00:00,40.59,41.31,43.70,0.00,Reverse
MeanVariance,Long,AGG,14501,2,2010-08-02 00:00,2014-09-02 00:00,91.45,104.59,26.24,0.00,Reverse
MeanVariance,Long,DIA,108890,15,2014-05-01 00:00,2014-09-02 00:00,157.16,163.44,93.91,0.00,Reverse
MeanVariance,Long,LQD,14504,4,2010-08-02 00:00,2014-09-02 00:00,87.75,112.50,98.91,0.00,Reverse
MeanVariance,Long,SMH,110994,38,2014-06-02 00:00,2014-09-02 00:00,45.09,49.98,185.23,0.00,Sold
MeanVariance,Long,SMH,113098,47,2014-07-01 00:00,2014-09-02 00:00,48.66,49.98,61.38,0.00,Reverse
MeanVariance,Long,TLT,65089,20,2012-08-01 00:00,2014-09-02 00:00,115.98,111.43,-91.25,0.00,Sold
MeanVariance,Long,TLT,67396,4,2012-09-04 00:00,2014-09-02 00:00,114.89,111.43,-13.93,0.00,Sold
MeanVariance,Long,TLT,69204,25,2012-10-01 00:00,2014-09-02 00:00,112.52,111.43,-27.60,0.00,Sold
MeanVariance,Long,TLT,71307,18,2012-11-01 00:00,2014-09-02 00:00,110.64,111.43,13.91,0.00,Reverse
MeanVariance,Long,XRT,115202,45,2014-08-01 00:00,2014-09-02 00:00,41.03,43.68,118.25,0.00,Reverse
MeanVariance,Long,AGG,14501,2,2010-08-02 00:00,2014-10-01 00:00,91.45,104.85,26.76,0.00,Reverse
MeanVariance,Long,EWJ,110993,9,2014-06-02 00:00,2014-10-01 00:00,11.3398,11.2697,-0.81,0.00,Reverse
MeanVariance,Long,IYR,113097,38,2014-07-01 00:00,2014-10-01 00:00,66.47,64.52,-74.88,0.00,Reverse
MeanVariance,Long,KRE,117306,69,2014-09-02 00:00,2014-10-01 00:00,38.11,36.37,-121.49,0.00,Sold
MeanVariance,Long,SMH,113098,47,2014-07-01 00:00,2014-10-01 00:00,48.66,48.33,-16.22,0.00,Sold
MeanVariance,Long,TLT,71307,1,2012-11-01 00:00,2014-10-01 00:00,110.64,113.15,2.49,0.00,Sold
MeanVariance,Long,TLT,73411,6,2012-12-03 00:00,2014-10-01 00:00,112.96,113.15,1.02,0.00,Reverse
MeanVariance,Long,AGG,14501,1,2010-08-02 00:00,2014-11-03 00:00,91.45,105.17,13.71,0.00,Reverse
MeanVariance,Long,DIA,108890,27,2014-05-01 00:00,2014-11-03 00:00,157.16,166.49,251.50,0.00,Reverse
MeanVariance,Long,EWJ,110993,142,2014-06-02 00:00,2014-11-03 00:00,11.3398,11.8149,64.62,0.00,Sold
MeanVariance,Long,EWJ,115299,142,2014-08-01 00:00,2014-11-03 00:00,11.6804,11.8149,16.26,0.00,Sold
MeanVariance,Long,EWJ,117303,171,2014-09-02 00:00,2014-11-03 00:00,11.6123,11.8149,31.22,0.00,Sold
MeanVariance,Long,IYR,113097,2,2014-07-01 00:00,2014-11-03 00:00,66.47,70.41,7.85,0.00,Reverse
MeanVariance,Long,LQD,14504,2,2010-08-02 00:00,2014-11-03 00:00,87.75,112.29,49.03,0.00,Reverse
MeanVariance,Long,XLP,106787,119,2014-04-01 00:00,2014-11-03 00:00,40.59,44.85,504.30,0.00,Reverse
MeanVariance,Long,AGG,14501,3,2010-08-02 00:00,2014-12-01 00:00,91.45,105.83,43.07,0.00,Reverse
MeanVariance,Long,KBE,108891,1,2014-05-01 00:00,2014-12-01 00:00,30.74,31.58,0.82,0.00,Reverse
MeanVariance,Long,LQD,14504,4,2010-08-02 00:00,2014-12-01 00:00,87.75,113.14,101.47,0.00,Reverse
MeanVariance,Long,TLT,73411,18,2012-12-03 00:00,2014-12-01 00:00,112.96,116.82,69.16,0.00,Sold
MeanVariance,Long,TLT,75418,7,2013-01-02 00:00,2014-12-01 00:00,108.57,116.82,57.64,0.00,Sold
MeanVariance,Long,TLT,79427,1,2013-03-01 00:00,2014-12-01 00:00,108.44,116.82,8.36,0.00,Reverse
MeanVariance,Long,XLK,121715,159,2014-11-03 00:00,2014-12-01 00:00,39.38,40.63,195.25,0.00,Sold
MeanVariance,Long,XLP,106787,32,2014-04-01 00:00,2014-12-01 00:00,40.59,46.85,199.57,0.00,Reverse
MeanVariance,Long,XRT,115202,25,2014-08-01 00:00,2014-12-01 00:00,41.03,45.32,106.79,0.00,Sold
MeanVariance,Long,XRT,119412,10,2014-10-01 00:00,2014-12-01 00:00,41.44,45.32,38.62,0.00,Reverse
MeanVariance,Long,AGG,14501,3,2010-08-02 00:00,2015-01-02 00:00,91.45,106.52,45.16,0.00,Reverse
MeanVariance,Long,DIA,108890,8,2014-05-01 00:00,2015-01-02 00:00,157.16,171.68,116.05,0.00,Reverse
MeanVariance,Long,EWJ,123618,22,2014-12-01 00:00,2015-01-02 00:00,11.3791,11.0240,-8.25,0.00,Reverse
MeanVariance,Long,IYR,113097,13,2014-07-01 00:00,2015-01-02 00:00,66.47,73.25,87.84,0.00,Sold
MeanVariance,Long,IYR,115200,59,2014-08-01 00:00,2015-01-02 00:00,66.10,73.25,420.42,0.00,Sold
MeanVariance,Long,IYR,117304,23,2014-09-02 00:00,2015-01-02 00:00,68.57,73.25,107.13,0.00,Sold
MeanVariance,Long,IYR,123619,11,2014-12-01 00:00,2015-01-02 00:00,71.52,73.25,18.78,0.00,Sold
MeanVariance,Long,KBE,108891,22,2014-05-01 00:00,2015-01-02 00:00,30.74,32.44,36.85,0.00,Sold
MeanVariance,Long,KBE,115201,13,2014-08-01 00:00,2015-01-02 00:00,30.42,32.44,25.94,0.00,Reverse
MeanVariance,Long,LQD,14504,3,2010-08-02 00:00,2015-01-02 00:00,87.75,113.92,78.44,0.00,Reverse
MeanVariance,Long,AGG,14501,8,2010-08-02 00:00,2015-02-02 00:00,91.45,108.40,135.43,0.00,Reverse
MeanVariance,Long,DIA,108890,4,2014-05-01 00:00,2015-02-02 00:00,157.16,167.35,40.68,0.00,Sold
MeanVariance,Long,DIA,113096,6,2014-07-01 00:00,2015-02-02 00:00,161.66,167.35,33.99,0.00,Reverse
MeanVariance,Long,KBE,115201,93,2014-08-01 00:00,2015-02-02 00:00,30.42,30.35,-8.68,0.00,Reverse
MeanVariance,Long,LQD,14504,14,2010-08-02 00:00,2015-02-02 00:00,87.75,117.88,421.51,0.00,Reverse
MeanVariance,Long,TLT,79427,17,2013-03-01 00:00,2015-02-02 00:00,108.44,132.73,412.48,0.00,Reverse
MeanVariance,Long,VNQ,125821,4,2015-01-02 00:00,2015-02-02 00:00,77.44,81.29,15.33,0.00,Reverse
MeanVariance,Long,XLP,106787,39,2014-04-01 00:00,2015-02-02 00:00,40.59,46.81,241.76,0.00,Sold
MeanVariance,Long,XLP,110995,2,2014-06-02 00:00,2015-02-02 00:00,42.42,46.81,8.74,0.00,Reverse
MeanVariance,Long,DIA,113096,19,2014-07-01 00:00,2015-03-02 00:00,161.66,176.90,289.10,0.00,Reverse
MeanVariance,Long,EWJ,123618,8,2014-12-01 00:00,2015-03-02 00:00,11.3791,12.1219,5.78,0.00,Reverse
MeanVariance,Long,VNQ,125821,7,2015-01-02 00:00,2015-03-02 00:00,77.44,78.96,10.49,0.00,Sold
MeanVariance,Long,XRT,119412,39,2014-10-01 00:00,2015-03-02 00:00,41.44,48.80,286.25,0.00,Sold
MeanVariance,Long,XRT,121716,30,2014-11-03 00:00,2015-03-02 00:00,43.39,48.80,161.71,0.00,Sold
MeanVariance,Long,XRT,125823,44,2015-01-02 00:00,2015-03-02 00:00,46.94,48.80,81.07,0.00,Sold
MeanVariance,Long,XRT,127826,10,2015-02-02 00:00,2015-03-02 00:00,45.99,48.80,27.90,0.00,Reverse
MeanVariance,Long,AGG,14501,5,2010-08-02 00:00,2015-04-01 00:00,91.45,108.18,83.59,0.00,Reverse
MeanVariance,Long,DIA,113096,6,2014-07-01 00:00,2015-04-01 00:00,161.66,171.45,58.63,0.00,Sold
MeanVariance,Long,DIA,119408,5,2014-10-01 00:00,2015-04-01 00:00,161.04,171.45,51.94,0.00,Sold
MeanVariance,Long,DIA,123617,42,2014-12-01 00:00,2015-04-01 00:00,171.02,171.45,17.55,0.00,Sold
MeanVariance,Long,EWJ,123618,8,2014-12-01 00:00,2015-04-01 00:00,11.3791,12.3190,7.36,0.00,Reverse
MeanVariance,Long,LQD,14504,6,2010-08-02 00:00,2015-04-01 00:00,87.75,116.66,173.34,0.00,Reverse
MeanVariance,Long,TLT,79427,5,2013-03-01 00:00,2015-04-01 00:00,108.44,128.08,98.10,0.00,Reverse
MeanVariance,Long,XHB,127825,81,2015-02-02 00:00,2015-04-01 00:00,34.33,36.34,161.08,0.00,Sold
MeanVariance,Long,XHB,129731,121,2015-03-02 00:00,2015-04-01 00:00,36.17,36.34,18.79,0.00,Reverse
MeanVariance,Long,KBE,115201,13,2014-08-01 00:00,2015-05-01 00:00,30.42,33.07,34.10,0.00,Reverse
MeanVariance,Long,TLT,79427,3,2013-03-01 00:00,2015-05-01 00:00,108.44,120.45,35.96,0.00,Sold
MeanVariance,Long,TLT,83639,12,2013-05-01 00:00,2015-05-01 00:00,113.59,120.45,82.06,0.00,Reverse
MeanVariance,Long,XHB,129731,1,2015-03-02 00:00,2015-05-01 00:00,36.17,35.06,-1.13,0.00,Sold
MeanVariance,Long,XLB,131934,11,2015-04-01 00:00,2015-05-01 00:00,47.66,49.92,24.64,0.00,Reverse
MeanVariance,Long,XLK,131935,17,2015-04-01 00:00,2015-05-01 00:00,40.40,42.07,28.05,0.00,Sold
MeanVariance,Long,EWJ,123618,45,2014-12-01 00:00,2015-06-01 00:00,11.3791,12.8374,64.72,0.00,Reverse
MeanVariance,Long,TLT,83639,4,2013-05-01 00:00,2015-06-01 00:00,113.59,117.91,17.20,0.00,Reverse
MeanVariance,Long,XLB,131934,41,2015-04-01 00:00,2015-06-01 00:00,47.66,49.32,67.11,0.00,Sold
MeanVariance,Long,XRT,127826,23,2015-02-02 00:00,2015-06-01 00:00,45.99,48.31,52.81,0.00,Sold
MeanVariance,Long,XRT,131937,51,2015-04-01 00:00,2015-06-01 00:00,49.65,48.31,-69.55,0.00,Reverse
MeanVariance,Long,TLT,83639,7,2013-05-01 00:00,2015-07-01 00:00,113.59,112.81,-5.62,0.00,Reverse
MeanVariance,Long,XLP,110995,149,2014-06-02 00:00,2015-07-01 00:00,42.42,47.02,681.77,0.00,Sold
MeanVariance,Long,XLP,117307,84,2014-09-02 00:00,2015-07-01 00:00,42.92,47.02,342.24,0.00,Sold
MeanVariance,Long,XLP,119411,52,2014-10-01 00:00,2015-07-01 00:00,42.88,47.02,213.75,0.00,Sold
MeanVariance,Long,XLP,125822,22,2015-01-02 00:00,2015-07-01 00:00,46.58,47.02,9.07,0.00,Reverse
MeanVariance,Long,AGG,14501,6,2010-08-02 00:00,2015-08-03 00:00,91.45,106.90,92.57,0.00,Reverse
MeanVariance,Long,EWJ,123618,126,2014-12-01 00:00,2015-08-03 00:00,11.3791,12.6761,160.91,0.00,Sold
MeanVariance,Long,EWJ,127824,166,2015-02-02 00:00,2015-08-03 00:00,11.3773,12.6761,212.29,0.00,Sold
MeanVariance,Long,EWJ,134039,246,2015-05-01 00:00,2015-08-03 00:00,12.7598,12.6761,-25.50,0.00,Sold
MeanVariance,Long,EWJ,138248,140,2015-07-01 00:00,2015-08-03 00:00,12.7059,12.6761,-6.96,0.00,Reverse
MeanVariance,Long,LQD,14504,6,2010-08-02 00:00,2015-08-03 00:00,87.75,112.71,149.60,0.00,Reverse
MeanVariance,Long,TLT,83639,24,2013-05-01 00:00,2015-08-03 00:00,113.59,120.80,172.54,0.00,Sold
MeanVariance,Long,TLT,87848,4,2013-07-01 00:00,2015-08-03 00:00,101.61,120.80,76.67,0.00,Reverse
MeanVariance,Long,XRT,131937,85,2015-04-01 00:00,2015-08-03 00:00,49.65,48.16,-127.97,0.00,Sold
MeanVariance,Long,XRT,134042,34,2015-05-01 00:00,2015-08-03 00:00,48.52,48.16,-12.69,0.00,Sold
MeanVariance,Long,XRT,138251,74,2015-07-01 00:00,2015-08-03 00:00,49.20,48.16,-77.79,0.00,Sold
MeanVariance,Long,EWJ,138248,514,2015-07-01 00:00,2015-09-01 00:00,12.7059,11.3871,-688.12,0.00,Sold
MeanVariance,Long,KBE,115201,29,2014-08-01 00:00,2015-09-01 00:00,30.42,31.79,39.22,0.00,Sold
MeanVariance,Long,KBE,117305,96,2014-09-02 00:00,2015-09-01 00:00,31.77,31.79,0.73,0.00,Sold
MeanVariance,Long,KBE,119409,130,2014-10-01 00:00,2015-09-01 00:00,30.61,31.79,151.27,0.00,Sold
MeanVariance,Long,KBE,121713,10,2014-11-03 00:00,2015-09-01 00:00,31.97,31.79,-1.94,0.00,Sold
MeanVariance,Long,KBE,129728,67,2015-03-02 00:00,2015-09-01 00:00,32.54,31.79,-51.25,0.00,Sold
MeanVariance,Long,KBE,131933,132,2015-04-01 00:00,2015-09-01 00:00,32.71,31.79,-123.82,0.00,Sold
MeanVariance,Long,KBE,136044,177,2015-06-01 00:00,2015-09-01 00:00,34.00,31.79,-393.03,0.00,Sold
MeanVariance,Long,KBE,138249,107,2015-07-01 00:00,2015-09-01 00:00,36.03,31.79,-455.75,0.00,Sold
MeanVariance,Long,KBE,140452,254,2015-08-03 00:00,2015-09-01 00:00,35.45,31.79,-933.44,0.00,Sold
MeanVariance,Long,XLY,140454,73,2015-08-03 00:00,2015-09-01 00:00,78.72,71.95,-495.64,0.00,Sold
MeanVariance,Long,AGG,14501,3,2010-08-02 00:00,2015-10-01 00:00,91.45,107.37,47.70,0.00,Reverse
MeanVariance,Long,LQD,14504,2,2010-08-02 00:00,2015-10-01 00:00,87.75,112.82,50.10,0.00,Reverse
MeanVariance,Long,TLT,87848,6,2013-07-01 00:00,2015-10-01 00:00,101.61,121.58,119.71,0.00,Reverse
MeanVariance,Long,XLP,125822,58,2015-01-02 00:00,2015-10-01 00:00,46.58,46.32,-16.46,0.00,Sold
MeanVariance,Long,XLP,129732,82,2015-03-02 00:00,2015-10-01 00:00,48.27,46.32,-161.56,0.00,Sold
MeanVariance,Long,XLP,131936,32,2015-04-01 00:00,2015-10-01 00:00,47.31,46.32,-32.29,0.00,Sold
MeanVariance,Long,XLP,134041,28,2015-05-01 00:00,2015-10-01 00:00,47.32,46.32,-28.50,0.00,Sold
MeanVariance,Long,XLP,136046,23,2015-06-01 00:00,2015-10-01 00:00,47.30,46.32,-22.91,0.00,Sold
MeanVariance,Long,XLP,140453,81,2015-08-03 00:00,2015-10-01 00:00,49.14,46.32,-230.09,0.00,Sold
MeanVariance,Long,XLP,142559,128,2015-09-01 00:00,2015-10-01 00:00,45.20,46.32,140.31,0.00,Reverse
MeanVariance,Long,XRT,142560,33,2015-09-01 00:00,2015-10-01 00:00,45.39,43.84,-51.67,0.00,Sold
MeanVariance,Long,KRE,142556,531,2015-09-01 00:00,2015-11-02 00:00,38.87,43.16,2267.14,0.00,Reverse
MeanVariance,Long,LQD,14504,1,2010-08-02 00:00,2015-11-02 00:00,87.75,113.00,25.23,0.00,Reverse
MeanVariance,Long,XLY,144662,148,2015-10-01 00:00,2015-11-02 00:00,73.94,80.38,950.33,0.00,Sold
MeanVariance,Long,AGG,14501,1,2010-08-02 00:00,2015-12-01 00:00,91.45,107.31,15.84,0.00,Reverse
MeanVariance,Long,KRE,142556,119,2015-09-01 00:00,2015-12-01 00:00,38.87,45.25,757.03,0.00,Reverse
MeanVariance,Long,LQD,14504,5,2010-08-02 00:00,2015-12-01 00:00,87.75,114.17,131.98,0.00,Reverse
MeanVariance,Long,XLP,142559,7,2015-09-01 00:00,2015-12-01 00:00,45.20,48.92,25.87,0.00,Sold
MeanVariance,Long,XLP,146865,481,2015-11-02 00:00,2015-12-01 00:00,49.26,48.92,-173.61,0.00,Sold
MeanVariance,Long,XRT,146866,98,2015-11-02 00:00,2015-12-01 00:00,46.02,44.41,-159.75,0.00,Sold
MeanVariance,Long,KRE,142556,192,2015-09-01 00:00,2016-01-04 00:00,38.87,40.67,341.81,0.00,Sold
MeanVariance,Long,KRE,144661,137,2015-10-01 00:00,2016-01-04 00:00,40.70,40.67,-7.66,0.00,Reverse
MeanVariance,Long,VNQ,148868,103,2015-12-01 00:00,2016-01-04 00:00,77.80,77.20,-63.24,0.00,Sold
MeanVariance,Long,XLY,148870,259,2015-12-01 00:00,2016-01-04 00:00,80.65,76.23,-1151.16,0.00,Sold
MeanVariance,Long,AGG,14501,5,2010-08-02 00:00,2016-02-01 00:00,91.45,107.93,82.30,0.00,Reverse
MeanVariance,Long,IWM,151072,8,2016-01-04 00:00,2016-02-01 00:00,109.68,102.16,-60.34,0.00,Reverse
MeanVariance,Long,KRE,144661,69,2015-10-01 00:00,2016-02-01 00:00,40.70,36.19,-313.06,0.00,Reverse
MeanVariance,Long,SMH,151074,17,2016-01-04 00:00,2016-02-01 00:00,52.72,49.92,-47.90,0.00,Sold
MeanVariance,Long,TLT,87848,18,2013-07-01 00:00,2016-02-01 00:00,101.61,125.43,428.31,0.00,Reverse
MeanVariance,Long,XLU,148869,18,2015-12-01 00:00,2016-02-01 00:00,42.05,45.13,55.05,0.00,Reverse
MeanVariance,Long,AGG,14501,4,2010-08-02 00:00,2016-03-01 00:00,91.45,108.69,68.88,0.00,Reverse
MeanVariance,Long,KRE,144661,3,2015-10-01 00:00,2016-03-01 00:00,40.70,36.33,-13.17,0.00,Sold
MeanVariance,Long,LQD,14504,3,2010-08-02 00:00,2016-03-01 00:00,87.75,112.79,75.05,0.00,Reverse
MeanVariance,Long,TLT,87848,6,2013-07-01 00:00,2016-03-01 00:00,101.61,127.40,154.61,0.00,Reverse
MeanVariance,Long,XLP,151076,19,2016-01-04 00:00,2016-03-01 00:00,49.30,50.83,28.72,0.00,Reverse
MeanVariance,Long,XRT,152979,14,2016-02-01 00:00,2016-03-01 00:00,41.09,43.84,38.15,0.00,Sold
MeanVariance,Long,AGG,14501,4,2010-08-02 00:00,2016-04-01 00:00,91.45,109.87,73.62,0.00,Reverse
MeanVariance,Long,IWM,151072,37,2016-01-04 00:00,2016-04-01 00:00,109.68,111.11,52.09,0.00,Sold
MeanVariance,Long,IWM,154980,13,2016-03-01 00:00,2016-04-01 00:00,104.63,111.11,83.98,0.00,Sold
MeanVariance,Long,LQD,14504,19,2010-08-02 00:00,2016-04-01 00:00,87.75,117.89,572.19,0.00,Reverse
MeanVariance,Long,TLT,87848,7,2013-07-01 00:00,2016-04-01 00:00,101.61,129.90,197.89,0.00,Sold
MeanVariance,Long,TLT,94261,1,2013-10-01 00:00,2016-04-01 00:00,98.13,129.90,31.75,0.00,Reverse
MeanVariance,Long,XLP,151076,37,2016-01-04 00:00,2016-04-01 00:00,49.30,53.29,146.87,0.00,Reverse
MeanVariance,Long,XLU,148869,50,2015-12-01 00:00,2016-04-01 00:00,42.05,49.40,366.24,0.00,Sold
MeanVariance,Long,XLU,151077,7,2016-01-04 00:00,2016-04-01 00:00,42.52,49.40,47.98,0.00,Reverse
MeanVariance,Long,AGG,14501,2,2010-08-02 00:00,2016-05-02 00:00,91.45,110.18,37.42,0.00,Reverse
MeanVariance,Long,LQD,14504,5,2010-08-02 00:00,2016-05-02 00:00,87.75,119.18,157.05,0.00,Reverse
MeanVariance,Long,XLB,157181,2,2016-04-01 00:00,2016-05-02 00:00,45.01,47.02,3.97,0.00,Sold
MeanVariance,Long,XLP,151076,100,2016-01-04 00:00,2016-05-02 00:00,49.30,52.57,325.37,0.00,Reverse
MeanVariance,Long,XLU,151077,25,2016-01-04 00:00,2016-05-02 00:00,42.52,48.40,146.58,0.00,Reverse
MeanVariance,Long,TLT,94261,8,2013-10-01 00:00,2016-06-01 00:00,98.13,130.18,256.22,0.00,Reverse
MeanVariance,Long,XLP,151076,45,2016-01-04 00:00,2016-06-01 00:00,49.30,52.87,159.82,0.00,Reverse
MeanVariance,Long,XLV,157182,13,2016-04-01 00:00,2016-06-01 00:00,68.28,71.32,39.22,0.00,Reverse
MeanVariance,Long,XLY,159286,1,2016-05-02 00:00,2016-06-01 00:00,80.02,78.90,-1.14,0.00,Sold
MeanVariance,Long,AGG,14501,22,2010-08-02 00:00,2016-06-30 00:00,91.45,112.64,465.84,0.00,Sold
MeanVariance,Long,LQD,14504,279,2010-08-02 00:00,2016-06-30 00:00,87.75,123.04,9840.37,0.00,Sold
MeanVariance,Long,AGG,23016,7,2010-12-01 00:00,2016-06-30 00:00,91.64,112.64,146.87,0.00,Sold
MeanVariance,Long,LQD,23017,11,2010-12-01 00:00,2016-06-30 00:00,88.96,123.04,374.70,0.00,Sold
MeanVariance,Long,AGG,25219,2,2011-01-03 00:00,2016-06-30 00:00,91.40,112.64,42.45,0.00,Sold
MeanVariance,Long,AGG,27223,1,2011-02-01 00:00,2016-06-30 00:00,91.23,112.64,21.40,0.00,Sold
MeanVariance,Long,LQD,27225,3,2011-02-01 00:00,2016-06-30 00:00,88.40,123.04,103.86,0.00,Sold
MeanVariance,Long,LQD,31430,1,2011-04-01 00:00,2016-06-30 00:00,89.42,123.04,33.61,0.00,Sold
MeanVariance,Long,AGG,35538,357,2011-06-01 00:00,2016-06-30 00:00,94.47,112.64,6479.00,0.00,Sold
MeanVariance,Long,AGG,37741,4,2011-07-01 00:00,2016-06-30 00:00,93.68,112.64,75.76,0.00,Sold
MeanVariance,Long,LQD,37743,7,2011-07-01 00:00,2016-06-30 00:00,91.65,123.04,219.60,0.00,Sold
MeanVariance,Long,AGG,48358,4,2011-12-01 00:00,2016-06-30 00:00,97.26,112.64,61.45,0.00,Sold
MeanVariance,Long,LQD,48359,18,2011-12-01 00:00,2016-06-30 00:00,94.06,123.04,521.40,0.00,Sold
MeanVariance,Long,AGG,56672,2,2012-04-02 00:00,2016-06-30 00:00,98.68,112.64,27.87,0.00,Sold
MeanVariance,Long,LQD,56674,4,2012-04-02 00:00,2016-06-30 00:00,99.63,123.04,93.57,0.00,Sold
MeanVariance,Long,LQD,67395,1,2012-09-04 00:00,2016-06-30 00:00,105.35,123.04,17.67,0.00,Sold
MeanVariance,Long,AGG,75414,2,2013-01-02 00:00,2016-06-30 00:00,102.12,112.64,21.00,0.00,Sold
MeanVariance,Long,LQD,75417,1,2013-01-02 00:00,2016-06-30 00:00,107.30,123.04,15.72,0.00,Sold
MeanVariance,Long,AGG,77520,4,2013-02-01 00:00,2016-06-30 00:00,101.39,112.64,44.94,0.00,Sold
MeanVariance,Long,LQD,77522,9,2013-02-01 00:00,2016-06-30 00:00,105.39,123.04,158.66,0.00,Sold
MeanVariance,Long,LQD,81432,2,2013-04-01 00:00,2016-06-30 00:00,106.60,123.04,32.85,0.00,Sold
MeanVariance,Long,AGG,85841,10,2013-06-03 00:00,2016-06-30 00:00,101.28,112.64,113.40,0.00,Sold
MeanVariance,Long,LQD,85843,18,2013-06-03 00:00,2016-06-30 00:00,105.29,123.04,319.27,0.00,Sold
MeanVariance,Long,AGG,87845,8,2013-07-01 00:00,2016-06-30 00:00,99.79,112.64,102.69,0.00,Sold
MeanVariance,Long,LQD,87847,14,2013-07-01 00:00,2016-06-30 00:00,102.38,123.04,288.97,0.00,Sold
MeanVariance,Long,AGG,90051,2,2013-08-01 00:00,2016-06-30 00:00,99.35,112.64,26.54,0.00,Sold
MeanVariance,Long,AGG,92254,2,2013-09-03 00:00,2016-06-30 00:00,98.84,112.64,27.56,0.00,Sold
MeanVariance,Long,LQD,92256,3,2013-09-03 00:00,2016-06-30 00:00,101.81,123.04,63.63,0.00,Sold
MeanVariance,Long,TLT,94261,14,2013-10-01 00:00,2016-06-30 00:00,98.13,140.57,593.89,0.00,Sold
MeanVariance,Long,AGG,98566,2,2013-12-02 00:00,2016-06-30 00:00,100.40,112.64,24.45,0.00,Sold
MeanVariance,Long,LQD,98568,1,2013-12-02 00:00,2016-06-30 00:00,104.19,123.04,18.83,0.00,Sold
MeanVariance,Long,TLT,102774,133,2014-02-03 00:00,2016-06-30 00:00,102.55,140.57,5053.32,0.00,Sold
MeanVariance,Long,TLT,104680,49,2014-03-03 00:00,2016-06-30 00:00,102.53,140.57,1862.98,0.00,Sold
MeanVariance,Long,AGG,106782,2,2014-04-01 00:00,2016-06-30 00:00,101.84,112.64,21.57,0.00,Sold
MeanVariance,Long,LQD,106785,2,2014-04-01 00:00,2016-06-30 00:00,107.81,123.04,30.42,0.00,Sold
MeanVariance,Long,TLT,106786,15,2014-04-01 00:00,2016-06-30 00:00,101.72,140.57,582.41,0.00,Sold
MeanVariance,Long,LQD,119410,3,2014-10-01 00:00,2016-06-30 00:00,111.82,123.04,33.60,0.00,Sold
MeanVariance,Long,TLT,121714,37,2014-11-03 00:00,2016-06-30 00:00,114.14,140.57,977.24,0.00,Sold
MeanVariance,Long,TLT,125820,9,2015-01-02 00:00,2016-06-30 00:00,122.70,140.57,160.64,0.00,Sold
MeanVariance,Long,AGG,129727,6,2015-03-02 00:00,2016-06-30 00:00,106.90,112.64,34.36,0.00,Sold
MeanVariance,Long,LQD,129729,10,2015-03-02 00:00,2016-06-30 00:00,115.11,123.04,79.17,0.00,Sold
MeanVariance,Long,TLT,129730,4,2015-03-02 00:00,2016-06-30 00:00,122.74,140.57,71.23,0.00,Sold
MeanVariance,Long,AGG,134038,4,2015-05-01 00:00,2016-06-30 00:00,107.19,112.64,21.73,0.00,Sold
MeanVariance,Long,LQD,134040,9,2015-05-01 00:00,2016-06-30 00:00,114.32,123.04,78.30,0.00,Sold
MeanVariance,Long,AGG,136043,2,2015-06-01 00:00,2016-06-30 00:00,106.73,112.64,11.79,0.00,Sold
MeanVariance,Long,LQD,136045,5,2015-06-01 00:00,2016-06-30 00:00,113.03,123.04,49.96,0.00,Sold
MeanVariance,Long,AGG,138247,5,2015-07-01 00:00,2016-06-30 00:00,105.61,112.64,35.07,0.00,Sold
MeanVariance,Long,LQD,138250,7,2015-07-01 00:00,2016-06-30 00:00,111.18,123.04,82.94,0.00,Sold
MeanVariance,Long,AGG,142555,1,2015-09-01 00:00,2016-06-30 00:00,106.74,112.64,5.88,0.00,Sold
MeanVariance,Long,LQD,142557,2,2015-09-01 00:00,2016-06-30 00:00,112.20,123.04,21.64,0.00,Sold
MeanVariance,Long,TLT,142558,76,2015-09-01 00:00,2016-06-30 00:00,119.58,140.57,1593.57,0.00,Sold
MeanVariance,Long,AGG,146863,1,2015-11-02 00:00,2016-06-30 00:00,107.15,112.64,5.47,0.00,Sold
MeanVariance,Long,TLT,146864,30,2015-11-02 00:00,2016-06-30 00:00,120.01,140.57,616.12,0.00,Sold
MeanVariance,Long,TLT,148867,5,2015-12-01 00:00,2016-06-30 00:00,121.14,140.57,97.04,0.00,Sold
MeanVariance,Long,AGG,151071,3,2016-01-04 00:00,2016-06-30 00:00,106.70,112.64,17.76,0.00,Sold
MeanVariance,Long,LQD,151073,9,2016-01-04 00:00,2016-06-30 00:00,112.04,123.04,98.83,0.00,Sold
MeanVariance,Long,TLT,151075,4,2016-01-04 00:00,2016-06-30 00:00,120.03,140.57,82.09,0.00,Sold
MeanVariance,Long,XLP,151076,228,2016-01-04 00:00,2016-06-30 00:00,49.30,54.88,1267.71,0.00,Sold
MeanVariance,Long,XLU,151077,368,2016-01-04 00:00,2016-06-30 00:00,42.52,52.47,3654.09,0.00,Sold
MeanVariance,Long,XLP,152978,68,2016-02-01 00:00,2016-06-30 00:00,50.36,54.88,305.82,0.00,Sold
MeanVariance,Long,XLV,157182,87,2016-04-01 00:00,2016-06-30 00:00,68.28,72.15,335.20,0.00,Sold
MeanVariance,Long,TLT,159283,8,2016-05-02 00:00,2016-06-30 00:00,127.33,140.57,105.73,0.00,Sold
MeanVariance,Long,XLI,159284,58,2016-05-02 00:00,2016-06-30 00:00,56.14,56.18,1.46,0.00,Sold
MeanVariance,Long,XLV,159285,54,2016-05-02 00:00,2016-06-30 00:00,69.91,72.15,120.06,0.00,Sold
MeanVariance,Long,LQD,161387,1,2016-06-01 00:00,2016-06-30 00:00,118.82,123.04,4.20,0.00,Sold
MeanVariance,Long,XLI,161388,22,2016-06-01 00:00,2016-06-30 00:00,55.66,56.18,10.97,0.00,Sold
MeanVariance,Long,XLU,161389,35,2016-06-01 00:00,2016-06-30 00:00,48.88,52.47,125.06,0.00,Sold